{"2022-03-07":{"pts":90.60615,"pos":1,"previousPts":90.60615,"previousPos":1}}